player_id,full_name,birthday,height_ft,weight_lbs,salary,college,high_school,rating_2K20,nationality,draft_year,draft_round
0,LeBron James,12/30/84,6.66010498687664,250.0,37436858,,St. Vincent St. Mary High School,97,United States,2003,1
1,Kawhi Leonard,06/29/91,6.594488188976378,230.0,32742000,San Diego State,Martin Luther King High School,97,United States,2011,1
2,Giannis Antetokounmpo,12/06/94,6.92257217847769,242.0,25842697,,,96,Greece / Nigeria,2013,1
3,James Harden,08/26/89,6.430446194225722,220.0,38199000,Arizona State,Artesia High School,96,United States,2009,1
4,Anthony Davis,03/11/93,6.824146981627297,253.0,27093019,Kentucky,Perspectives Charter Academy,94,United States,2012,1
5,Damian Lillard,07/15/90,6.266404199475065,195.0,29802321,Weber State,Oakland High School,92,United States,2012,1
6,Joel Embiid,03/16/94,6.988188976377953,250.0,27504630,Kansas,The Rock High School,91,Cameroon,2014,1
7,Nikola Jokic,02/19/95,6.988188976377953,250.0,27504630,,,90,Serbia,2014,2
8,Russell Westbrook,11/12/88,6.266404199475065,200.0,38506482,UCLA,Leuzinger High School,90,United States,2008,1
9,Karl-Anthony Towns,11/15/95,6.988188976377953,248.0,27285000,Kentucky,St. Joseph High School,89,United States / Dominican Republic,2015,1
10,Jimmy Butler,09/14/89,6.66010498687664,232.0,32742000,Marquette,Tomball High School,88,United States,2011,1
11,Rudy Gobert,06/26/92,7.086614173228346,245.0,25258427,,,88,France,2013,1
12,Donovan Mitchell,09/07/96,6.266404199475065,215.0,3635760,Louisville,Brewster Academy,88,United States,2017,1
13,Kemba Walker,05/08/90,6.069553805774278,184.0,32742000,UConn,Rice High School,88,United States,2011,1
14,Luka Doncic,02/28/99,6.594488188976378,218.0,7683360,,,87,Slovenia,2018,1
15,LaMarcus Aldridge,07/19/85,6.92257217847769,265.0,26000000,Texas,Seagoville High School,87,United States,2006,1
16,Bradley Beal,06/28/93,6.266404199475065,207.0,27093018,Florida,Chaminade College Preparatory School,87,United States,2012,1
17,DeMar DeRozan,08/07/89,6.594488188976378,220.0,27739975,USC,Compton High School,87,United States,2009,1
18,Kristaps Porzingis,08/02/95,7.2506561679790025,240.0,27285000,,,87,Latvia,2015,1
19,Pascal Siakam,04/02/94,6.758530183727034,230.0,2351838,New Mexico State,God's Academy,87,Cameroon,2016,1
20,Ben Simmons,07/20/96,6.824146981627297,230.0,8113929,LSU,Montverde Academy,87,Australia,2016,1
21,De'Aaron Fox,12/20/97,6.266404199475065,185.0,6392760,Kentucky,Cypress Lakes High School,86,United States,2017,1
22,Devin Booker,10/30/96,6.496062992125984,206.0,27285000,Kentucky,Moss Point High School,86,United States,2015,1
23,Andre Drummond,08/10/93,6.92257217847769,279.0,27093018,UConn,St. Thomas More Prep,86,United States,2012,1
24,Draymond Green,03/04/90,6.594488188976378,230.0,18539130,Michigan State,Saginaw High School,86,United States,2012,2
25,Jrue Holiday,06/12/90,6.332020997375328,205.0,26131111,UCLA,Campbell Hall School,86,United States,2009,1
26,Nikola Vucevic,10/24/90,6.988188976377953,260.0,28000000,USC,Stoneridge Prep,86,Switzerland / Montenegro,2011,1
27,Jayson Tatum,03/03/98,6.66010498687664,208.0,7830000,Duke,Chaminade College Preparatory School,85,United States,2017,1
28,Trae Young,09/19/98,6.167979002624672,180.0,6273000,Oklahoma,Norman High School,85,United States,2018,1
29,Eric Bledsoe,12/09/89,6.069553805774278,205.0,15625000,Kentucky,Parker High School,85,United States,2010,1
30,Clint Capela,05/18/94,6.824146981627297,240.0,16896552,,INSEP Academy,85,Switzerland,2014,1
31,Tobias Harris,07/15/92,6.758530183727034,235.0,32742000,Tennessee,Half Hollow Hills West High School,85,United States,2011,1
32,Al Horford,06/03/86,6.824146981627297,245.0,28000000,Florida,Grand Ledge High School,85,Dominican Republic / United States,2007,1
33,Zach LaVine,03/10/95,6.430446194225722,208.0,19500000,UCLA,Bothell High School,85,United States,2014,1
34,Kyle Lowry,03/25/86,6.069553805774278,196.0,33296296,Villanova,Cardinal Dougherty High School,85,United States,2006,1
35,Khris Middleton,08/12/91,6.66010498687664,222.0,30603448,Texas A&M,Porter-Gaud High School,85,United States,2012,2
36,Chris Paul,05/06/85,6.003937007874016,175.0,38506482,Wake Forest,West Forsyth High School,85,United States,2005,1
37,Buddy Hield,12/17/93,6.332020997375328,220.0,4861207,Oklahoma,Sunrise Christian Academy,84,Bahamas,2016,1
38,Kyle Kuzma,07/24/95,6.758530183727034,220.0,1974600,Utah,Rise Academy,84,United States,2017,1
39,Jamal Murray,02/23/97,6.332020997375328,207.0,4444746,Kentucky,Athlete Institute Prep,84,Canada,2016,1
40,Bojan Bogdanovic,04/18/89,6.66010498687664,216.0,17000000,,,83,Bosnia and Herzegovina / Croatia,2011,2
41,Malcolm Brogdon,12/11/92,6.430446194225722,229.0,20000000,Virginia,Greater Atlanta Christian School,83,United States,2016,2
42,Danilo Gallinari,08/08/88,6.824146981627297,233.0,22615559,,,83,Italy,2008,1
43,Montrezl Harrell,01/26/94,6.66010498687664,240.0,6000000,Louisville,Hargrave Military Academy ,83,United States,2015,2
44,Kevin Love,09/07/88,6.824146981627297,251.0,28942830,UCLA,Lake Oswego High School,83,United States,2008,1
45,Lauri Markkanen,05/22/97,6.988188976377953,227.0,5300400,Arizona,Helsinki Basketball Academy,83,Finland,2017,1
46,Julius Randle,11/29/94,6.758530183727034,250.0,18000000,Kentucky,Prestonwood Christian Academy,83,United States,2014,1
47,Steven Adams,07/20/93,6.988188976377953,265.0,25842697,Pittsburgh,Scots College,82,New Zealand,2013,1
48,Spencer Dinwiddie,04/06/93,6.496062992125984,210.0,10605600,Colorado,William Howard Taft High School,82,United States,2014,2
49,Paul Millsap,02/10/85,6.66010498687664,246.0,30350000,Louisiana Tech,Grambling Laboratory High School,82,United States,2017,2
50,Marcus Smart,03/06/94,6.332020997375328,220.0,12553571,Oklahoma State,Marcus High School,82,United States,2014,1
51,Myles Turner,03/24/96,6.92257217847769,250.0,18000000,Texas,Trinity High School,82,United States,2015,1
52,Serge Ibaka,09/18/89,6.824146981627297,235.0,23271604,,,81,Republic of the Congo / Spain,2008,1
53,Rudy Gay,08/17/86,6.66010498687664,240.0,14500000,UConn,Archbishop Spalding High School,81,United States,2006,1
54,Aaron Gordon,09/16/95,6.758530183727034,220.0,19863636,Arizona,Archbishop Mitty High School,81,United States,2014,1
55,Brandon Ingram,09/02/97,6.758530183727034,190.0,7265485,Duke,Kinston High School,81,United States,2016,1
56,DeAndre Jordan,07/21/88,6.92257217847769,265.0,9881598,Texas A&M,Christian Life Center,81,United States,2008,2
57,Domantas Sabonis,05/03/96,6.92257217847769,240.0,3529554,Gonzaga,,81,United States / Lithuania,2016,1
58,Jonas Valanciunas,05/06/92,6.988188976377953,265.0,16000000,,,81,Lithuania,2011,1
59,Hassan Whiteside,06/13/89,7.086614173228346,265.0,27093018,Marshall,The Patterson School,81,United States,2010,2
60,Derrick Rose,10/04/88,6.266404199475065,200.0,7317074,Memphis,Simeon Career Academy ,80,United States,2008,1
61,Robert Covington,12/14/90,6.758530183727034,225.0,11301219,Tennessee State,Proviso West High School,80,United States,2013,0
62,Derrick Favors,07/15/91,6.824146981627297,265.0,17650000,Georgia Tech,South Atlanta High School ,80,United States,2010,1
63,Gordon Hayward,03/23/90,6.66010498687664,225.0,32700690,Butler,Brownsburg High School,80,United States,2010,1
64,Enes Kanter,05/20/92,6.92257217847769,250.0,4767000,,Stoneridge Prep,80,Switzerland / Turkey,2011,1
65,Josh Richardson,09/15/93,6.496062992125984,200.0,10116576,Tennessee,Edmond Santa Fe High School,80,United States,2015,2
66,Ja Morant,08/10/99,6.266404199475065,175.0,8730240,Murray State,Crestwood High School,79,United States,2019,1
67,Bam Adebayo,07/18/97,6.824146981627297,255.0,3454080,Kentucky,High Point Christian Academy,79,United States,2017,1
68,Jarrett Allen,04/20/98,6.92257217847769,237.0,2376840,Texas,St. Stephen's Episcopal School,79,United States,2017,1
69,Lonzo Ball,10/27/97,6.496062992125984,190.0,8719320,UCLA,Chino Hills High School,79,United States,2017,1
70,Harrison Barnes,05/30/92,6.66010498687664,225.0,24147727,North Carolina,Ames High School,79,United States,2012,1
71,Patrick Beverley,07/12/88,6.069553805774278,185.0,12345680,Arkansas,John Marshall Metropolitan High School,79,United States,2009,2
72,Jaylen Brown,10/24/96,6.594488188976378,220.0,6534829,California,Joseph Wheeler High School,79,United States,2016,1
73,Willie Cauley-Stein,08/18/93,6.988188976377953,240.0,2177483,Kentucky,Olathe Northwest High School,79,United States,2015,1
74,Goran Dragic,05/06/86,6.266404199475065,190.0,19217900,,,79,Slovenia,2008,2
75,Shai Gilgeous-Alexander,07/12/98,6.496062992125984,181.0,3952920,Kentucky,Hamilton Heights Christian Academy,79,Canada,2018,1
76,Gary Harris,09/14/94,6.332020997375328,210.0,17839286,Michigan State,Hamilton Southeastern High School,79,United States,2014,1
77,Joe Ingles,10/02/87,6.66010498687664,226.0,11454546,,Australian Institute of Sport,79,Australia,2009,0
78,Jeremy Lamb,05/30/92,6.430446194225722,185.0,10500000,UConn,Norcross High School,79,United States,2012,1
79,Brook Lopez,04/01/88,6.988188976377953,270.0,12093024,Stanford,San Joaquin Memorial High School,79,United States,2008,1
80,JaVale McGee,01/19/88,6.988188976377953,270.0,4000000,Nevada,Hales Franciscan,79,United States,2008,1
81,Mitchell Robinson,04/01/98,7.086614173228346,240.0,1559712,,Chalmette High School,79,United States,2018,2
82,Terrence Ross,02/05/91,6.594488188976378,206.0,12500000,Washington,Jefferson High School,79,United States,2012,1
83,Tristan Thompson,03/13/91,6.824146981627297,238.0,18539130,Texas,Findlay College Prep,79,Canada,2011,1
84,Fred VanVleet,02/25/94,6.003937007874016,195.0,9346153,Wichita State,Auburn High School,79,United States,2006,0
85,Andrew Wiggins,02/23/95,6.66010498687664,194.0,27504630,Kansas,Huntington Prep,79,Canada,2014,1
86,Thaddeus Young,06/21/88,6.66010498687664,221.0,12900000,Georgia Tech,Mitchell High School,79,United States,2007,1
87,Ricky Rubio,10/21/90,6.332020997375328,190.0,16200000,,,78,Spain,2009,1
88,Will Barton,01/06/91,6.496062992125984,190.0,12776786,Memphis,Brewster Academy,78,United States,2012,2
89,Bogdan Bogdanovic,08/18/92,6.496062992125984,220.0,8529386,,,78,Serbia,2014,1
90,Jordan Clarkson,06/07/92,6.430446194225722,194.0,13437500,Missouri,Wagner High School,78,United States,2014,2
91,Evan Fournier,10/29/92,6.594488188976378,205.0,17150000,,,78,France,2012,1
92,JaMychal Green,06/21/90,6.758530183727034,227.0,4767000,Alabama,St. Jude High School,78,United States,2012,0
93,Joe Harris,09/06/91,6.496062992125984,218.0,7666667,Virginia,Chelan High School,78,United States,2014,2
94,Marcus Morris,09/02/89,6.758530183727034,235.0,15000000,Kansas,APEX Academy,78,United States,2011,1
95,Dejounte Murray,09/19/96,6.430446194225722,175.0,2321735,Washington,Rainier Beach High School,78,United States,2016,1
96,Kelly Olynyk,04/19/91,6.988188976377953,240.0,12667885,Gonzaga,Kamloops High School,78,Canada,2013,1
97,Bobby Portis,02/10/95,6.92257217847769,250.0,15000000,Arkansas,Hall High School,78,United States,2015,1
98,Terry Rozier,03/17/94,6.069553805774278,190.0,19894737,Louisville,Hargrave Military Academy ,78,United States,2015,1
99,Jeff Teague,06/10/88,6.167979002624672,195.0,19000000,Wake Forest,Pike High School,78,United States,2009,1
100,Derrick White,07/02/94,6.332020997375328,195.0,1948080,Colorado,Legend High School,78,United States,2017,1
101,Darius Garland,06/26/00,6.167979002624672,175.0,6400920,Vanderbilt,Brentwood Academy,77,United States,2019,1
102,De'Andre Hunter,12/01/97,6.594488188976378,225.0,7068360,Virginia,Friends' Central School,77,United States,2019,1
103,Al-Farouq Aminu,09/21/90,6.758530183727034,220.0,9258000,Wake Forest,Norcross High School,77,United States / Nigeria,2010,1
104,Malik Beasley,11/26/96,6.430446194225722,195.0,2731713,Florida State,Saint Francis High School,77,United States,2016,1
105,Nemanja Bjelica,05/09/88,6.824146981627297,235.0,6825000,,,77,Serbia,2010,2
106,Taj Gibson,06/24/85,6.758530183727034,232.0,9000000,USC,Calvary Christian High School,77,United States,2009,1
107,Jerami Grant,03/12/94,6.758530183727034,220.0,9346153,Syracuse,DeMatha Catholic High School,77,United States,2014,2
108,Danny Green,06/22/87,6.496062992125984,215.0,14634147,North Carolina,St. Mary's High School,77,United States,2009,2
109,Alex Len,06/16/93,7.086614173228346,250.0,4160000,Maryland,Dnipropetrovsk Higher College,77,Ukraine,2013,1
110,Monte Morris,06/27/95,6.266404199475065,175.0,1588231,Iowa State,Flint Beecher High School,77,United States,2017,2
111,Nerlens Noel,04/10/94,6.92257217847769,220.0,1882867,Kentucky,Tilton School,77,United States,2013,1
112,Mason Plumlee,03/05/90,6.92257217847769,235.0,14041096,Duke,Christ School,77,United States,2013,1
113,Jakob Poeltl,10/15/95,6.988188976377953,240.0,3754885,Utah,,77,Austria,2016,1
114,Dwight Powell,07/20/91,6.92257217847769,240.0,10259375,Stanford,IMG Academy,77,Canada,2014,2
115,Taurean Prince,03/22/94,6.66010498687664,220.0,3481985,Baylor,Warren High School,77,United States,2016,1
116,Dario Saric,04/08/94,6.824146981627297,250.0,3481985,,,77,Croatia,2014,1
117,Collin Sexton,01/04/99,6.167979002624672,190.0,4764960,Alabama,Pebblebrook High School,77,United States,2018,1
118,Cody Zeller,10/05/92,6.988188976377953,240.0,14471910,Indiana,Washington High School,77,United States,2013,1
119,Ivica Zubac,03/18/97,7.086614173228346,240.0,6481482,,,77,Bosnia and Herzegovina / Croatia,2016,2
120,Jarrett Culver,02/20/99,6.496062992125984,195.0,5813640,Texas Tech,Coronado High School,77,United States,2019,1
121,Trevor Ariza,06/30/85,6.66010498687664,215.0,12200000,UCLA,Westchester High School,76,United States,2004,2
122,Davis Bertans,11/12/92,6.824146981627297,225.0,7000000,,,76,Latvia,2011,2
123,Avery Bradley,11/26/90,6.167979002624672,180.0,6767000,Texas,Findlay College Prep,76,United States,2010,1
124,Miles Bridges,03/21/98,6.594488188976378,225.0,3755400,Michigan State,Huntington Prep,76,United States,2018,1
125,Jalen Brunson,08/31/96,6.266404199475065,190.0,1416852,Villanova,Stevenson High School,76,United States,2018,2
126,Kentavious Caldwell-Pope,02/18/93,6.430446194225722,205.0,8089282,Georgia,Greenville High School,76,United States,2013,1
127,Jae Crowder,07/06/90,6.496062992125984,235.0,7815533,Marquette,Villa Rica High School,76,United States,2012,2
128,Gorgui Dieng,01/18/90,6.92257217847769,252.0,16229213,Louisville,Covenant Christian Academy,76,Senegal,2013,1
129,Rodney Hood,10/20/92,6.66010498687664,205.0,5718000,Duke,Meridian High School,76,United States,2014,1
130,Kevin Huerter,08/27/98,6.594488188976378,190.0,2636280,Maryland,Shenendehowa High School,76,United States,2018,1
131,Ersan Ilyasova,05/15/87,6.824146981627297,235.0,7000000,,,76,Turkey,2005,2
132,Kevin Knox,08/11/99,6.758530183727034,215.0,4380120,Kentucky,Tampa Catholic High School,76,United States,2018,1
133,Wesley Matthews,10/14/86,6.430446194225722,220.0,2564753,Marquette,James Madison Memorial High School,76,United States,2009,0
134,Emmanuel Mudiay,03/05/96,6.430446194225722,200.0,1737145,,Grace Preparatory Academy,76,United States / Democratic Republic of the Congo,2015,1
135,Austin Rivers,08/01/92,6.332020997375328,200.0,2174310,Duke,Winter Park High School,76,United States,2012,1
136,Rajon Rondo,02/22/86,6.069553805774278,186.0,2564753,Kentucky,Oak Hill Academy,76,United States,2006,1
137,Landry Shamet,03/13/97,6.430446194225722,190.0,1995120,Wichita State,Park Hill High School,76,United States,2018,1
138,Daniel Theis,04/04/92,6.66010498687664,243.0,5000000,,,76,Germany,2013,0
139,Isaiah Thomas,02/07/89,5.741469816272966,185.0,2320044,Washington,South Kent School,76,United States,2011,2
140,Marvin Williams,06/19/86,6.758530183727034,237.0,14654179,North Carolina,Bremerton High School,76,United States,2005,1
141,Delon Wright,04/26/92,6.430446194225722,183.0,9473684,Utah,Leuzinger High School,76,United States,2015,1
142,Coby White,02/16/00,6.430446194225722,185.0,5307120,North Carolina,Greenfield School,76,United States,2019,1
143,Kent Bazemore,07/01/89,6.430446194225722,200.0,19269663,Old Dominion,Bertie High School,75,United States,2012,0
144,Marco Belinelli,03/25/86,6.430446194225722,225.0,5846154,,,75,Italy,2007,1
145,Bismack Biyombo,08/28/92,6.758530183727034,255.0,17000000,,,75,Democratic Republic of the Congo,2011,1
146,Mikal Bridges,08/30/96,6.594488188976378,210.0,4161000,Villanova,Great Valley High School,75,United States,2018,1
147,Damyean Dotson,05/06/94,6.496062992125984,210.0,1618520,Houston,Yates High School,75,United States,2017,2
148,Kris Dunn,03/18/94,6.332020997375328,208.0,5348007,Providence,New London High School,75,United States,2016,1
149,Bryn Forbes,07/23/93,6.266404199475065,195.0,2875000,Michigan State,JW Sexton High School,75,United States,2016,0
150,Josh Hart,03/06/95,6.430446194225722,215.0,1934160,Villanova,Sidwell Friends School,75,United States,2017,1
151,Mario Hezonja,02/25/95,6.66010498687664,220.0,1737145,,,75,Croatia,2015,1
152,George Hill,05/04/86,6.266404199475065,188.0,10133907,IUPUI,Broad Ripple High School,75,United States,2008,1
153,Rondae Hollis-Jefferson,01/03/95,6.594488188976378,217.0,2500000,Arizona,Chester High School,75,United States,2015,1
154,Luke Kennard,06/24/96,6.430446194225722,206.0,3827160,Duke,Franklin High School,75,United States,2017,1
155,Kyle Korver,03/17/81,6.594488188976378,212.0,6004753,Creighton,Pella High School,75,United States,2003,2
156,Robin Lopez,04/01/88,6.988188976377953,275.0,4767000,Stanford,San Joaquin Memorial High School,75,United States,2008,1
157,Trey Lyles,11/05/95,6.824146981627297,235.0,5500000,Kentucky,Arsenal Technical High School,75,Canada / United States,2015,1
158,Malik Monk,02/04/98,6.266404199475065,200.0,4028400,Kentucky,Bentonville High School,75,United States,2017,1
159,Markieff Morris,09/02/89,6.824146981627297,245.0,3709887,Kansas,APEX Academy,75,United States,2011,1
160,Shabazz Napier,07/14/91,6.069553805774278,180.0,1845301,UConn,Charlestown High School,75,United States / Puerto Rico,2014,1
161,Cedi Osman,04/08/95,6.66010498687664,215.0,2907143,,,75,North Macedonia / Turkey,2015,2
162,Tomas Satoransky,10/30/91,6.594488188976378,210.0,10000000,,,75,Czech Republic,2012,2
163,Mike Scott,07/16/88,6.66010498687664,237.0,4767000,Virginia,Hargrave Military Academy ,75,United States,2012,2
164,Kyle Anderson,09/20/93,6.758530183727034,230.0,9073050,UCLA,St. Anthony High School,74,United States,2014,1
165,Dillon Brooks,01/22/96,6.496062992125984,220.0,1618520,Oregon,Findlay College Prep,74,Canada,2017,2
166,Pat Connaughton,01/06/93,6.332020997375328,209.0,1723050,Notre Dame,St. John's Prep,74,United States,2015,2
167,Torrey Craig,12/19/90,6.594488188976378,215.0,2000000,USC Upstate,Great Falls High School,74,United States,2014,0
168,Seth Curry,08/23/90,6.167979002624672,185.0,7461380,Duke,Charlotte Christian School,74,United States,2013,0
169,Markelle Fultz,05/29/98,6.332020997375328,200.0,9745200,Washington,DeMatha Catholic High School,74,United States,2017,1
170,Justin Jackson,03/28/95,6.66010498687664,210.0,3280920,North Carolina,Homeschool Christian Youth Association,74,United States,2017,1
171,Derrick Jones,02/15/97,6.594488188976378,200.0,1645357,UNLV,Archbishop John Carroll High School,74,United States,2016,0
172,Cory Joseph,08/20/91,6.266404199475065,200.0,12000000,Texas,Findlay College Prep,74,Canada,2011,1
173,Maxi Kleber,01/29/92,6.92257217847769,240.0,8000000,,,74,Germany,2014,0
174,Doug McDermott,01/03/92,6.66010498687664,225.0,7333333,Creighton,Ames High School,74,United States,2014,1
175,E'Twaun Moore,02/25/89,6.332020997375328,191.0,8664928,Purdue,East Chicago Central High School,74,United States,2011,2
176,Norman Powell,05/25/93,6.332020997375328,215.0,10116576,UCLA,Lincoln High School ,74,United States,2015,2
177,Christian Wood,09/27/95,6.824146981627297,214.0,1645357,UNLV,Findlay College Prep,74,United States,2015,0
178,Jaxson Hayes,05/23/00,6.92257217847769,220.0,4862040,Texas,Moeller High School,74,United States,2019,1
179,Dwayne Bacon,08/30/95,6.594488188976378,221.0,1618520,Florida State,Oak Hill Academy,73,United States,2017,2
180,Sterling Brown,02/10/95,6.496062992125984,232.0,1618520,SMU,Proviso East High School,73,United States,2017,2
181,Alec Burks,07/20/91,6.496062992125984,214.0,2320044,Colorado,Grandview High School,73,United States,2011,1
182,Alex Caruso,02/28/94,6.430446194225722,186.0,2750000,Texas A&M,A&M Consolidated High School,73,United States,2016,0
183,James Ennis,07/01/90,6.594488188976378,210.0,1882867,Long Beach State,Ventura High School,73,United States,2013,2
184,Dorian Finney-Smith,05/04/93,6.66010498687664,220.0,4000000,Florida,I.C. Norcom High School,73,United States,2016,0
185,Aaron Holiday,09/30/96,6.069553805774278,185.0,2239200,UCLA,Campbell Hall School,73,United States,2018,1
186,Danuel House,06/07/93,6.594488188976378,215.0,3540000,Texas A&M,Hightower High School,73,United States,2016,0
187,Tyus Jones,05/10/96,6.167979002624672,196.0,10116000,Duke,Apple Valley High School,73,United States,2015,1
188,Furkan Korkmaz,06/27/97,6.594488188976378,190.0,1620564,,,73,Turkey,2016,1
189,Frank Ntilikina,07/28/98,6.496062992125984,200.0,4855800,,,73,Belgium / France,2017,1
190,David Nwaba,01/14/93,6.332020997375328,219.0,2581965,Cal Poly,University City High School,73,United States,2016,0
191,Royce O'Neale,06/05/93,6.496062992125984,226.0,1618520,Baylor,Harker Heights High School,73,United States,2015,0
192,Semi Ojeleye,12/05/94,6.594488188976378,241.0,1618520,SMU,Ottawa High School,73,United States,2017,2
193,Josh Okogie,09/01/98,6.430446194225722,212.0,2530680,Georgia Tech,Shiloh High School,73,Nigeria / United States,2018,1
194,Tony Snell,11/10/91,6.594488188976378,213.0,11392857,New Mexico,Martin Luther King High School,73,United States,2013,1
195,Omari Spellman,07/21/97,6.758530183727034,245.0,1897800,Villanova,MacDuffie School,73,United States,2018,1
196,Garrett Temple,05/08/86,6.496062992125984,195.0,4767000,LSU,Louisiana State University Laboratory School,73,United States,2009,0
197,Lonnie Walker,12/14/98,6.430446194225722,205.0,2764200,Miami (Florida),Reading High School,73,United States,2018,1
198,Brad Wanamaker,07/25/89,6.332020997375328,210.0,1445697,Pittsburgh,Roman Catholic High School for Boys,73,United States,2011,0
199,Tyler Herro,01/20/00,6.496062992125984,195.0,3640200,Kentucky,Whitnall High School,73,United States,2019,1
200,Brandon Clarke,09/19/96,6.66010498687664,210.0,2478840,Gonzaga,Desert Vista High School ,73,Canada,2019,1
201,Nicolo Melli,01/26/91,6.758530183727034,235.0,4102564,,,73,Italy,2013,0
202,Nassir Little,02/11/00,6.496062992125984,220.0,2105520,North Carolina,Orlando Christian Prep High School,73,United States,2019,1
203,Donte DiVincenzo,01/31/97,6.332020997375328,203.0,2905800,Villanova,Salesianum School,72,United States,2018,1
204,Langston Galloway,12/09/91,6.167979002624672,200.0,7333333,Saint Joseph's,Christian Life,72,United States,2014,0
205,Justin Holiday,04/05/89,6.496062992125984,181.0,4767000,Washington,Campbell Hall School,72,United States,2011,0
206,Wesley Iwundu,12/20/94,6.594488188976378,195.0,1618520,Kansas State,Spring Westfield High School,72,United States,2017,2
207,Thon Maker,02/25/97,7.086614173228346,221.0,3569643,,Athlete Institute Prep,72,South Sudan / Australia,2016,1
208,Rodney McGruder,07/29/91,6.332020997375328,200.0,4807693,Kansas State,Arlington Country Day School ,72,United States,2013,0
209,Georges Niang,06/17/93,6.66010498687664,230.0,1645357,Iowa State,Tilton School,72,United States,2016,2
210,Anfernee Simons,06/08/99,6.332020997375328,185.0,2149560,,IMG Academy,72,United States,2018,1
211,Anthony Tolliver,06/01/85,6.66010498687664,245.0,2854556,Creighton,Kickapoo High School,72,United States,2007,0
212,Grant Williams,11/30/98,6.594488188976378,236.0,2379840,Tennessee,Providence Day School,72,United States,2019,1
213,Ryan Arcidiacono,03/26/94,6.266404199475065,208.0,3000000,Villanova,Neshaminy High School,72,United States,2016,0
214,Goga Bitadze,07/20/99,6.92257217847769,245.0,2816760,,,72,Georgia,2019,1
215,De'Anthony Melton,05/28/98,6.332020997375328,200.0,1416852,USC,Crespi Carmelite High School,72,United States,2018,2
216,Matisse Thybulle,03/04/97,6.430446194225722,200.0,2582160,Washington,Eastside Catholic High School,72,United States,2019,1
217,Cameron Johnson,03/03/96,6.758530183727034,210.0,4033440,North Carolina,Our Lady of the Sacred Heart High School,72,United States,2019,1
218,Chris Boucher,01/11/93,6.824146981627297,200.0,1588231,Oregon,Alliance Leadership Middle Academy,71,Saint Lucia / Canada,2017,0
219,Jevon Carter,09/14/95,6.167979002624672,200.0,1416852,West Virginia,Proviso East High School,71,United States,2018,2
220,Terrance Ferguson,05/17/98,6.594488188976378,190.0,2475840,,Prime Prep Academy,71,United States,2017,1
221,Treveon Graham,10/28/93,6.430446194225722,225.0,1645357,VCU,St. Mary's Ryken High School,71,United States,2015,0
222,Frank Jackson,05/04/98,6.266404199475065,205.0,1618520,Duke,Lone Peak High School,71,United States,2017,2
223,Ben McLemore,02/11/93,6.430446194225722,195.0,2028594,Kansas,Christian Life Center,71,United States,2013,1
224,Elie Okobo,10/23/97,6.266404199475065,190.0,1416852,,,71,France,2018,2
225,Jerome Robinson,02/22/97,6.430446194225722,190.0,3567720,Boston College,Broughton High School,71,United States,2018,1
226,Bruno Fernando,08/15/98,6.824146981627297,240.0,1400000,Maryland,IMG Academy,71,Angola,2019,2
227,Eric Paschall,11/04/96,6.758530183727034,255.0,898310,Villanova,St. Thomas More Prep,71,United States,2019,2
228,Darius Bazley,06/12/00,6.66010498687664,208.0,2284800,,Princeton High School,70,United States,2019,1
229,Tony Bradley,01/08/98,6.92257217847769,248.0,1962360,North Carolina,Bartow High School,70,United States,2017,1
230,Solomon Hill,03/18/91,6.594488188976378,225.0,13290395,Arizona,Fairfax High School,70,United States,2013,1
231,Skal Labissiere,03/18/96,6.92257217847769,235.0,2338846,Kentucky,Reach Your Dreams Academy,70,Haiti,2016,1
232,Abdel Nader,09/25/93,6.496062992125984,225.0,1618520,Iowa State,Niles North High School,70,United States / Egypt,2016,2
233,Jordan Poole,06/19/99,6.430446194225722,195.0,1964760,Michigan,La Lumiere School,70,United States,2019,1
234,Isaac Bonga,11/08/99,6.66010498687664,180.0,1416852,,,68,Germany,2018,2
235,Duncan Robinson,04/22/94,6.66010498687664,210.0,1416852,Michigan,Phillips Exeter Academy,67,United States,2018,0
